question,category,response,keywords
How do I write a business plan?,business_planning,"A business plan should include: executive summary, company description, market analysis, organization structure, service/product line, marketing strategy, and financial projections. Start with your executive summary and work through each section systematically.","['write', 'business', 'plan']"
What should be in my executive summary?,business_planning,"Your executive summary should include: business concept, financial features, financial requirements, current business position, major achievements, and a brief description of your team. Keep it concise but compelling - this is often the first thing investors read.","['should', 'executive', 'summary']"
How do I analyze my target market?,business_planning,"Market analysis involves: defining your target customers, analyzing market size and trends, studying competitors, identifying market gaps, and understanding customer needs. Use surveys, interviews, and industry reports to gather data.","['analyze', 'target', 'market']"
What's the difference between mission and vision?,business_planning,"Mission statement describes what your company does and why it exists. Vision statement describes where you want to be in the future. Mission is about the present, vision is about the future. Both should be clear, inspiring, and aligned with your values.","['difference', 'between', 'mission', 'vision']"
How do I create a business strategy?,business_planning,"A business strategy should define your competitive advantage, target market, value proposition, and key objectives. Start with a SWOT analysis, define your unique selling proposition, and create actionable goals with timelines.","['create', 'business', 'strategy']"
What is a business model?,business_planning,"A business model describes how your company creates, delivers, and captures value. It includes your value proposition, target customer segments, revenue streams, key partnerships, and cost structure.","['business', 'model']"
How do I plan my startup?,business_planning,"Startup planning involves: validating your idea, defining your business model, creating a business plan, securing funding, building your team, and developing your product or service. Start with market research and customer validation.","['plan', 'startup']"
What should I include in my business plan?,business_planning,"Your business plan should include: executive summary, company description, market analysis, organization and management, service or product line, marketing and sales, funding request, financial projections, and appendix.","['should', 'include', 'business', 'plan']"
How can I get funding for my startup?,funding,"Funding options include: bootstrapping (self-funding), angel investors, venture capital, bank loans, crowdfunding, government grants, and business incubators. Choose based on your stage, amount needed, and growth plans.","['can', 'get', 'funding', 'startup']"
What do investors look for?,funding,"Investors look for: strong business model, large market opportunity, experienced team, competitive advantage, clear financial projections, and evidence of traction. Prepare a compelling pitch deck and be ready to answer tough questions.","['investors', 'look']"
How much equity should I give investors?,funding,"Equity depends on valuation, funding amount, and negotiation. Generally, seed rounds take 10-25% equity, Series A takes 15-30%. Consider future funding rounds and maintain enough equity for you and your team.","['much', 'equity', 'should', 'give', 'investors']"
What's the difference between debt and equity financing?,funding,Debt financing means borrowing money you must repay with interest. Equity financing means selling ownership shares. Debt doesn't dilute ownership but requires repayment. Equity provides capital without repayment but dilutes ownership.,"['difference', 'between', 'debt', 'equity', 'financing']"
How do I market my startup?,marketing,"Start with: defining your target audience, creating a strong brand identity, developing a content strategy, using social media effectively, building partnerships, and measuring results. Focus on channels where your customers are most active.","['market', 'startup']"
What's the best social media strategy?,marketing,"Choose platforms where your audience is active. Create valuable content consistently, engage with followers, use hashtags strategically, collaborate with influencers, and track metrics. Quality over quantity - better to excel on 2-3 platforms than be mediocre on all.","['best', 'social', 'media', 'strategy']"
How do I build brand awareness?,marketing,"Build brand awareness through: consistent messaging across all channels, content marketing, public relations, partnerships, events, and word-of-mouth. Focus on providing value and building relationships rather than just selling.","['build', 'brand', 'awareness']"
What's content marketing?,marketing,"Content marketing is creating and sharing valuable content to attract and engage your target audience. It includes blogs, videos, podcasts, infographics, and social media posts. The goal is to build trust and establish expertise.","['content', 'marketing']"
What legal structure should I choose?,legal,"Common structures: Sole proprietorship (simple but unlimited liability), LLC (flexible with limited liability), Corporation (complex but strong liability protection), S-Corp (tax benefits). Choose based on liability, taxes, and growth plans.","['legal', 'structure', 'should', 'choose']"
Do I need business insurance?,legal,"Yes, consider: general liability insurance, professional liability, product liability, cyber liability, and workers' compensation. Insurance protects against unexpected costs and is often required by clients or partners.","['need', 'business', 'insurance']"
How do I protect my intellectual property?,legal,"Protect IP through: patents (inventions), trademarks (brand names/logos), copyrights (creative works), and trade secrets (confidential information). File applications early and use NDAs when sharing sensitive information.","['protect', 'intellectual', 'property']"
What contracts do I need?,legal,"Essential contracts: customer agreements, vendor contracts, employment agreements, partnership agreements, NDAs, and terms of service. Have a lawyer review important contracts to protect your interests.","['contracts', 'need']"
How do I hire my first employee?,operations,"Steps: define the role clearly, write a job description, post on relevant platforms, screen candidates, conduct interviews, check references, make an offer, and onboard properly. Consider culture fit and growth potential.","['hire', 'first', 'employee']"
How do I manage cash flow?,operations,"Monitor cash flow by: tracking income and expenses, forecasting future cash needs, maintaining cash reserves, invoicing promptly, managing receivables, and controlling costs. Use accounting software to stay organized.","['manage', 'cash', 'flow']"
What technology do I need?,operations,"Essential tech: accounting software, CRM system, project management tools, communication platforms, website, and security software. Start with basics and add complexity as you grow. Cloud-based solutions are often most cost-effective.","['technology', 'need']"
How do I scale my business?,operations,"Scaling requires: systematizing processes, building a strong team, automating tasks, expanding market reach, diversifying revenue streams, and maintaining quality. Focus on sustainable growth rather than rapid expansion.","['scale', 'business']"
How do I price my product?,financial,"Pricing strategies: cost-plus (cost + margin), value-based (what customers will pay), competitive (match competitors), and penetration (low price to gain market share). Consider your costs, market position, and customer value perception.","['price', 'product']"
What financial metrics should I track?,financial,"Key metrics: revenue growth, gross margin, net profit margin, customer acquisition cost, lifetime value, burn rate, and cash runway. Track these monthly and compare to industry benchmarks.","['financial', 'metrics', 'should', 'track']"
How do I create financial projections?,financial,"Create projections by: estimating revenue based on sales forecasts, calculating costs (fixed and variable), projecting cash flow, and creating scenarios (optimistic, realistic, pessimistic). Update monthly with actual results.","['create', 'financial', 'projections']"
What's the difference between profit and cash flow?,financial,Profit is revenue minus expenses on paper. Cash flow is actual money coming in and going out. You can be profitable but have negative cash flow due to timing differences in payments and expenses.,"['difference', 'between', 'profit', 'cash', 'flow']"
How can I start?,business_planning,"To start your business effectively, focus on understanding your market, building strong systems, and maintaining consistent execution. Start with clear goals and measure progress regularly.","['can', 'start']"
How can I grow?,business_planning,"To grow your business effectively, focus on understanding your market, building strong systems, and maintaining consistent execution. Start with clear goals and measure progress regularly.","['can', 'grow']"
How can I scale?,business_planning,"To scale your business effectively, focus on understanding your market, building strong systems, and maintaining consistent execution. Start with clear goals and measure progress regularly.","['can', 'scale']"
How can I manage?,business_planning,"To manage your business effectively, focus on understanding your market, building strong systems, and maintaining consistent execution. Start with clear goals and measure progress regularly.","['can', 'manage']"
How can I improve?,business_planning,"To improve your business effectively, focus on understanding your market, building strong systems, and maintaining consistent execution. Start with clear goals and measure progress regularly.","['can', 'improve']"
How can I optimize?,business_planning,"To optimize your business effectively, focus on understanding your market, building strong systems, and maintaining consistent execution. Start with clear goals and measure progress regularly.","['can', 'optimize']"
What should I know about marketing?,business_planning,"Key aspects of marketing include understanding your target audience, developing clear strategies, measuring results, and adapting based on feedback. Focus on building sustainable systems.","['should', 'know', 'about', 'marketing']"
What should I know about financing?,business_planning,"Key aspects of financing include understanding your target audience, developing clear strategies, measuring results, and adapting based on feedback. Focus on building sustainable systems.","['should', 'know', 'about', 'financing']"
What should I know about operations?,business_planning,"Key aspects of operations include understanding your target audience, developing clear strategies, measuring results, and adapting based on feedback. Focus on building sustainable systems.","['should', 'know', 'about', 'operations']"
What should I know about legal?,business_planning,"Key aspects of legal include understanding your target audience, developing clear strategies, measuring results, and adapting based on feedback. Focus on building sustainable systems.","['should', 'know', 'about', 'legal']"
What should I know about strategy?,business_planning,"Key aspects of strategy include understanding your target audience, developing clear strategies, measuring results, and adapting based on feedback. Focus on building sustainable systems.","['should', 'know', 'about', 'strategy']"
How do I start my business?,operations,"To start your business effectively, focus on understanding your market, building strong systems, and maintaining consistent execution. Start with clear goals and measure progress regularly.","['start', 'business']"
How do I grow my business?,operations,"To grow your business effectively, focus on understanding your market, building strong systems, and maintaining consistent execution. Start with clear goals and measure progress regularly.","['grow', 'business']"
How do I scale my business?,operations,"To scale your business effectively, focus on understanding your market, building strong systems, and maintaining consistent execution. Start with clear goals and measure progress regularly.","['scale', 'business']"
How do I manage my business?,operations,"To manage your business effectively, focus on understanding your market, building strong systems, and maintaining consistent execution. Start with clear goals and measure progress regularly.","['manage', 'business']"
How do I improve my business?,operations,"To improve your business effectively, focus on understanding your market, building strong systems, and maintaining consistent execution. Start with clear goals and measure progress regularly.","['improve', 'business']"
How do I optimize my business?,operations,"To optimize your business effectively, focus on understanding your market, building strong systems, and maintaining consistent execution. Start with clear goals and measure progress regularly.","['optimize', 'business']"
What are the best marketing strategies?,marketing,"Key aspects of marketing include understanding your target audience, developing clear strategies, measuring results, and adapting based on feedback. Focus on building sustainable systems.","['are', 'best', 'marketing', 'strategies']"
What are the best financing strategies?,marketing,"Key aspects of financing include understanding your target audience, developing clear strategies, measuring results, and adapting based on feedback. Focus on building sustainable systems.","['are', 'best', 'financing', 'strategies']"
What are the best operations strategies?,marketing,"Key aspects of operations include understanding your target audience, developing clear strategies, measuring results, and adapting based on feedback. Focus on building sustainable systems.","['are', 'best', 'operations', 'strategies']"
What are the best legal strategies?,marketing,"Key aspects of legal include understanding your target audience, developing clear strategies, measuring results, and adapting based on feedback. Focus on building sustainable systems.","['are', 'best', 'legal', 'strategies']"
What are the best strategy strategies?,marketing,"Key aspects of strategy include understanding your target audience, developing clear strategies, measuring results, and adapting based on feedback. Focus on building sustainable systems.","['are', 'best', 'strategy', 'strategies']"
How much funding do I need?,financial,"For funding, consider your business stage, growth plans, and risk tolerance. Research different options and prepare a solid business case.","['much', 'funding', 'need']"
How much capital do I need?,financial,"For capital, consider your business stage, growth plans, and risk tolerance. Research different options and prepare a solid business case.","['much', 'capital', 'need']"
How much investment do I need?,financial,"For investment, consider your business stage, growth plans, and risk tolerance. Research different options and prepare a solid business case.","['much', 'investment', 'need']"
How much money do I need?,financial,"For money, consider your business stage, growth plans, and risk tolerance. Research different options and prepare a solid business case.","['much', 'money', 'need']"
What legal requirements should I consider?,legal,"For legal requirements, consult with legal professionals, research industry regulations, and ensure proper documentation and compliance.","['legal', 'requirements', 'should', 'consider']"
What compliance should I consider?,legal,"For compliance, consult with legal professionals, research industry regulations, and ensure proper documentation and compliance.","['compliance', 'should', 'consider']"
What regulations should I consider?,legal,"For regulations, consult with legal professionals, research industry regulations, and ensure proper documentation and compliance.","['regulations', 'should', 'consider']"
How do I start for funding?,funding,"To start for funding, develop a clear strategy, build necessary resources, and execute consistently. Focus on measurable outcomes and continuous improvement.","['start', 'funding']"
How do I start for growth?,funding,"To start for growth, develop a clear strategy, build necessary resources, and execute consistently. Focus on measurable outcomes and continuous improvement.","['start', 'growth']"
How do I start for success?,funding,"To start for success, develop a clear strategy, build necessary resources, and execute consistently. Focus on measurable outcomes and continuous improvement.","['start', 'success']"
How do I start for expansion?,funding,"To start for expansion, develop a clear strategy, build necessary resources, and execute consistently. Focus on measurable outcomes and continuous improvement.","['start', 'expansion']"
How do I grow for funding?,funding,"To grow for funding, develop a clear strategy, build necessary resources, and execute consistently. Focus on measurable outcomes and continuous improvement.","['grow', 'funding']"
How do I grow for growth?,funding,"To grow for growth, develop a clear strategy, build necessary resources, and execute consistently. Focus on measurable outcomes and continuous improvement.","['grow', 'growth']"
How do I grow for success?,funding,"To grow for success, develop a clear strategy, build necessary resources, and execute consistently. Focus on measurable outcomes and continuous improvement.","['grow', 'success']"
How do I grow for expansion?,funding,"To grow for expansion, develop a clear strategy, build necessary resources, and execute consistently. Focus on measurable outcomes and continuous improvement.","['grow', 'expansion']"
How do I scale for funding?,funding,"To scale for funding, develop a clear strategy, build necessary resources, and execute consistently. Focus on measurable outcomes and continuous improvement.","['scale', 'funding']"
How do I scale for growth?,funding,"To scale for growth, develop a clear strategy, build necessary resources, and execute consistently. Focus on measurable outcomes and continuous improvement.","['scale', 'growth']"
How do I scale for success?,funding,"To scale for success, develop a clear strategy, build necessary resources, and execute consistently. Focus on measurable outcomes and continuous improvement.","['scale', 'success']"
How do I scale for expansion?,funding,"To scale for expansion, develop a clear strategy, build necessary resources, and execute consistently. Focus on measurable outcomes and continuous improvement.","['scale', 'expansion']"
How do I manage for funding?,funding,"To manage for funding, develop a clear strategy, build necessary resources, and execute consistently. Focus on measurable outcomes and continuous improvement.","['manage', 'funding']"
How do I manage for growth?,funding,"To manage for growth, develop a clear strategy, build necessary resources, and execute consistently. Focus on measurable outcomes and continuous improvement.","['manage', 'growth']"
How do I manage for success?,funding,"To manage for success, develop a clear strategy, build necessary resources, and execute consistently. Focus on measurable outcomes and continuous improvement.","['manage', 'success']"
How do I manage for expansion?,funding,"To manage for expansion, develop a clear strategy, build necessary resources, and execute consistently. Focus on measurable outcomes and continuous improvement.","['manage', 'expansion']"
How do I improve for funding?,funding,"To improve for funding, develop a clear strategy, build necessary resources, and execute consistently. Focus on measurable outcomes and continuous improvement.","['improve', 'funding']"
How do I improve for growth?,funding,"To improve for growth, develop a clear strategy, build necessary resources, and execute consistently. Focus on measurable outcomes and continuous improvement.","['improve', 'growth']"
How do I improve for success?,funding,"To improve for success, develop a clear strategy, build necessary resources, and execute consistently. Focus on measurable outcomes and continuous improvement.","['improve', 'success']"
How do I improve for expansion?,funding,"To improve for expansion, develop a clear strategy, build necessary resources, and execute consistently. Focus on measurable outcomes and continuous improvement.","['improve', 'expansion']"
How do I optimize for funding?,funding,"To optimize for funding, develop a clear strategy, build necessary resources, and execute consistently. Focus on measurable outcomes and continuous improvement.","['optimize', 'funding']"
How do I optimize for growth?,funding,"To optimize for growth, develop a clear strategy, build necessary resources, and execute consistently. Focus on measurable outcomes and continuous improvement.","['optimize', 'growth']"
How do I optimize for success?,funding,"To optimize for success, develop a clear strategy, build necessary resources, and execute consistently. Focus on measurable outcomes and continuous improvement.","['optimize', 'success']"
How do I optimize for expansion?,funding,"To optimize for expansion, develop a clear strategy, build necessary resources, and execute consistently. Focus on measurable outcomes and continuous improvement.","['optimize', 'expansion']"
